_id,name_comp,vid_oper,contr_terr,uchastie,contr_numb,admin_edin,contr_srok,id,example_field1,example_field2
6566e2213e7a16b38ea1d261,"ТОО ""Каракудукмунай""",Добыча,"месторождение Каракудук в пределах блоков XXXIII-15-С (частично), Р(частично), 16-А (частично), D (частично). ",Caspian Investments Zhambai B.V.;,31-увс от 28.06.1995 года ,Мангистауская область,31.12.2035г. ,1,,
6566e2213e7a16b38ea1d262,ТОО  «Grand\nResource»,Разведка и добыча    ,Площадь Чингиз-Телсу, \nЕЛЮБАЕВ АРМАН МЕЙРАМОВИЧ;\n,212 от 17.08.1998 года,Западно-Казахстанская область ,20.03.2023,10,,
6566e2213e7a16b38ea1d263,"АО ""НК ""Казмунайгаз""",Разведка и добыча,на разведку и добычу на участке Тургай полеозой (участок 8),"АО ""Фонд национального благосостояния ""Самрук-Казына""                                                                                                        РГУ ""Национальный Банк Республики Казахстан""",4958-УВС от 24.08.2021 года ,Кызылординская область,24.08.2030г.,100,,
6566e2213e7a16b38ea1d264,"""Nelson Petroleum Buzachi B.V."" и ""СНПС Интернешионал (Бузачи) Инк."" ",Добыча,"месторождение Бузачи Северные в пределах блока XXXII-11-А (частично),B(частично),C(частично),D(частично),E(частично),F (частично). ", CNPC (КНР)                                                                                                               Nelson Petroleum B.V. ,4974-УВС  от     25.10.2021 года      ,Мангистауская область,25.10.2041г.,101,,
6566e2213e7a16b38ea1d265,"АО ""ПетроКазахстан Кумколь Ресорсиз""",Добыча,месторождение Кумколь Южный  в пределах блока XXVIII-39- Е (частично,"АО ""РД ""КазМунайГаз»                                                                                                CNPC",  4980-УВС      от 15.11.2021года           ,Карагандинская область,10.12.2041г.,102,,
6566e2213e7a16b38ea1d266,"АО ""ПетроКазахстан Кумколь Ресорсиз""",Добыча,Месторождение Бухарсай,"АО ""РД ""КазМунайГаз», CNPC",4992-УВС от 13.12.2021 года ,Карагандинская область,13.12.2046г.,103,,
6566e2213e7a16b38ea1d267,"ТОО ""ALTYN KOZ LTD KZ""",Разведка и добыча,участок Урхур,Молдожанов Асанали Маратулы\nКурбанов Аязбек Ниязбекович ,4997-УВС от 14.12.2021 года,Актюбинская область,14.12.2027г.,104,,
6566e2213e7a16b38ea1d268,"ТОО ""Oil Tolling Capital""",Разведка и добыча,участок Такырсай,Абдрахманов Бахтияр Муратбекович,4998-УВС от 15.12.2021 года,Кызылординская область,15.12.2027г.,105,,
6566e2213e7a16b38ea1d269,Частная компания «T Development Ltd» и TOO «Qazaq Oil 13»,Добыча,участок Тортай ,"Частная компания «T Development"": Кусаинова Алия Амиржановна    Калиев Ихлас Мухамбеткалиевич\nТОО «Qazaq Oil 13»: ЕСИМОВ СЕИТЖАН СМАГУЛОВИЧ;\nНАҒЫМ СӘЛІМ ЖАҢАБАЙҰЛЫ;",4999-УВС от 20.12.2021 года,Атырауская область ,20.12.2024г.,106,,
6566e2213e7a16b38ea1d26a,"ТОО ""BNG Ltd» ",Добыча,участок Елемес Южный,Куат Оразиман\nDaehan New Pharma\nДосбол Жолдыбаев\nCody Star Investment ,5005-УВС от 23.12.2021 года ,Мангистауская область,23.06.2044г.,107,,
6566e2213e7a16b38ea1d26b,"ТОО ""Orda B.B.""",Разведка и добыча,участок Нуралы Западный,АБДРАМАНОВ ЖАКСЫЛЫК БАХТИЯРОВИЧ;,5006-УВС от 23.12.2021 года ,Кызылординская область,15.12.2027г.,108,,
6566e2213e7a16b38ea1d26c,"ТОО ""Ертис Ойл энд Газ""",Разведка и добыча,Участок Прииртышский,СЕЙТЖАНОВА ЖАННА СЕРИКЖАНОВНА;\nСЕЙТЖАНОВА КАНШАИМ КУДАЙБЕРГЕНОВНА;\nСЕЙТЖАНОВ БАУРЖАН СЕРИКЖАНОВИЧ;\nСЕЙІТЖАН БАҚЫТЖАН СЕРІКЖАНҰЛЫ;\nСЕЙТЖАНОВ НУРЖАН СЕРИКЖАНОВИЧ;\nСЕЙТЖАНОВ СЕРИКЖАН;\nЕБРАШЕВА АЛИЯ ЕСЛЯШЕВНА;\nЗАИТОВ МАХМУДЖАН ИМИНЖАНОВИЧ;\nАЙДАРОВ БАГЛАН БАКЫТЖАНОВИЧ;,5009-УВС от 30.12.2021 года ,Павлодарская область,30.12.2027г.,109,,
6566e2213e7a16b38ea1d26d,АО «Матен Петролеум»,Добыча,"месторождение Кара-Арна в пределах блока XXIX–14-B (частично), С (частично)",SINO-SCIENCE NETHERLANDS ENERGY GROUP\nB.V.\nАБЛАЗИМОВ БАХАРИДИН НУГМАНОВИЧ,230 от 07.09.1998 года,Атырауская область            Жылыойский район,16.04.2038,11,,
6566e2213e7a16b38ea1d26e,"ТОО ""Mangyshlak Petroleum""",Разведка и добыча,Участок Урджар," \nТОО ""ИНВЕСТ-Ойл Групп Лтд."", \nИМАДОВ МАГОМЕД АСХАБОВИЧ;\n",5010-УВС от 30.12.2021 года,Восточно-Казахстанская область,31.12.2027г.,110,,
6566e2213e7a16b38ea1d26f,"ТОО ""Люминор групп""",Разведка и добыча,Участок Алашантакыр, Жаншаев Ертай Муратович,5013-УВС от 17.01.2022 года ,Мангистауская область,17.01.2028г.,111,,
6566e2213e7a16b38ea1d270,"ТОО ""BK Engineering""",Разведка и добыча,Участок Коныс Южный,"Алибеков Акилбек Сандибекович,\nБатталова Куралай Сериковна,\nДосмухамедова Гульмира Балхашевна,                                                      Айтбаев Таукен Еркасович ",5014-УВС от 19.01.2022 года,Кызылординская область,19.01.2028г.,112,,
6566e2213e7a16b38ea1d271,"ТОО ""Sapatek Munay""",Разведка и добыча,Участок Cарайшык, Оразбекова Айгерим Кайратовна,5015-УВС от 19.01.2022 года,Атырауская область ,19.01.2028г.,113,,
6566e2213e7a16b38ea1d272,"ТОО ""ENERPLUS""",Разведка и добыча,Участок Карашагыр,Әлімжан Диас Оралбайұлы,5016-УВС от 19.01.2022 года,Атырауская область ,19.01.2028г.,114,,
6566e2213e7a16b38ea1d273,"ТОО ""КазНедраПроект""",Разведка и добыча,Участок Бектас,КАБИЕВ РУСЛАН БЕРИКЖАНОВИЧ;\nВЕРЕВКИНА ТАТЬЯНА АЛЕКСЕЕВНА;\nКОНОНОВ ДМИТРИЙ АЛЕКСАНДРОВИЧ;\nКОНОНОВА ИРИНА АЛЕКСАНДРОВНА;,5017-УВС от 19.01.2022 года,Кызылординская область,19.01.2028г.,115,,
6566e2213e7a16b38ea1d274,"ТОО ""Сарайшык Petroleum""",Разведка и добыча,Участок Забурунье, Нацибулин Виктор Александрович,5018-УВС от 19.01.2022 года,Атырауская область ,19.01.2028г.,116,,
6566e2213e7a16b38ea1d275,"Частная компания ""HTS Exploration Ltd.""",Добыча,Месторождение Алашказган,Калиева Айгуль Мухамбеткалиевна,5019-УВС от 20.01.2022 года,Актюбинская область,20.01.2047г.,117,,
6566e2213e7a16b38ea1d276,"Частная компания ""HTS Exploration Ltd.""",Разведка и добыча,Участок Атанат,Калиева Айгуль Мухамбеткалиевна,5020-УВС от 20.01.2022 года,Атырауская область ,20.01.2028г.,118,,
6566e2213e7a16b38ea1d277,"ТОО ""Kurasha Petroleum""",Разведка и добыча,Участок Кураша,Бердикулова Эльмира Дуйсеновна\nАшимов Нурлан Болатбекович ,5022-УВС от 15.02.2022 года,Актюбинская область,15.02.2028г.,119,,
6566e2213e7a16b38ea1d278,"Компании ""Петро Казахстан венчерс ИНК"",""Ориент Петролеум(Сентрал Эйжа),ЛТД""",Разведка и добыча    ,"в пределах блоков - XXIX-37-A, В (частично), С (частично), D, Е, F (частично); XXXI-40; XXXI-41; ХХХИ-41","АО ""РД ""КазМунайГаз», CNPC",240-УВС от 18.09.1998 года,Кызылординская область,09.10.2025,12,,
6566e2213e7a16b38ea1d279,"ТОО ""Майтас Геосервис""",Разведка и добыча,Участок Ушоба, Турлыгазиева Тамила Куанышевна,5023-УВС от 15.02.2022 года,Мангистауская область,15.02.2028г.,120,,
6566e2213e7a16b38ea1d27a,"ТОО ""СУ ТАСУ""",Разведка и добыча,Участок Южнный Алатобе, Дауренбеков Бакберген Оразалиевич,5024-УВС от 15.02.2022 года,Мангистауская область,15.02.2028г.,121,,
6566e2213e7a16b38ea1d27b,"ТОО ""CAPITAL RESOURCES""",Разведка и добыча,Участок Коныс ," \nТОО ""Capital holding"", \nMETALLIN PTE. LTD.\n",5028-УВС от 28.02.2022 года,Кызылординская область,28.02.2028г.,122,,
6566e2213e7a16b38ea1d27c,"ТОО ""Кaratau Munai""",Разведка и добыча,Участок Шакпак,Асаубаев Ельжан Бауыржанович\nНұрқадыр Айбек ,5029-УВС от 28.02.2022 года,Туркестанская область,28.02.2028г.,123,,
6566e2213e7a16b38ea1d27d,"ТОО ""КазТрансНефть""",Разведка и добыча,Участок Нурманов,Бейсенгалиев Ержан Берикович,5036-УВС от 11.03.2022 года,Мангистауская область,11.03.2028г.,124,,
6566e2213e7a16b38ea1d27e,"ТОО ""Керуен Логистик""",Разведка и добыча,Участок Южная Караманата, \nИСЕКЕШЕВ ЕРЛАН ОРЕНТАЕВИЧ;\n,5037-УВС от 11.03.2022 года,Мангистауская область,11.03.2028г.,125,,
6566e2213e7a16b38ea1d27f,"ДТОО ""ЖАЛГИЗТОБЕМУНАЙ""",Добыча,месторождение Жалгизтобе ,"ТОО ""Позитив Ойл» \nТОО ""Позитив Сервис» ",5044-УВС от 25.04.2022 года,Мангистауская область,25.04.2047г.,126,,
6566e2213e7a16b38ea1d280,"ТОО ""WEST PRECASPIAN COMPANY""",Разведка и добыча,Участок Шункырколь, МАЖЕНОВ АСЫГАТ АСЫЛБЕКОВИЧ;,5087-УВС от 22.08.2022 года,Атырауская область и Актюбинская область ,22.08.2028 г.,127,,
6566e2213e7a16b38ea1d281,"ТОО ""КазНефтеГазПроект""",Разведка и добыча,Участок Каргалы, КУЛУМБЕТОВ ЕРБОЛАТ КУАНДЫКОВИЧ;,5090-УВС от 25.08.2022 года,Актюбинская область,25.08.2028 г.,128,,
6566e2213e7a16b38ea1d282,"ТОО ""HTS Exploration Ltd""",Разведка и добыча,Участок Маткен Южный,Калиева Айгуль Мухамбеткалиевна,5098-УВС от 05.09.2022 года,Атырауская область и Мангистауская область,05.09.2028 г.,129,,
6566e2213e7a16b38ea1d283,"ТОО ""Lucent Petroleum""",Разведка и добыча,"на разведку и добычу углеводородов на площади в пределах блоков ХХХ-13-F (частично), 14-D(частично), E,F, XXXI-13-C (частично),14-F (частично), B,C (частично)/","ТОО ""FortuneOil» (Фортчен Ойл)",317 от 07.04.1999 года,Атырауская область и Мангистауская область,11.03.2023,13,,
6566e2213e7a16b38ea1d284,"ТОО "" Аккум LTD KZ""",Разведка и добыча,Участок Булашское,"ЖШС ""Бузачи Нефть"",\nДАМИРОВА АЛИЯ ДАМИРОВНА;",5099-УВС от 05.09.2022 года,Актюбинская область,05.09.2028 г.,130,,
6566e2213e7a16b38ea1d285,"ТОО ""БИОПРОМ KZ""",Разведка и добыча,Участок Шалва Северо-Западный," \nТОО ""Бузачи Нефть"",\nГАЗИЗОВА ДИНА ХАБИБУЛЛОВНА;\n",5101-УВС от 09.09.2022 года,Мангистауская область,09.09.2028 г.,131,,
6566e2213e7a16b38ea1d286,"ТОО ""DMS Services""",Разведка и добыча,Участок Аральский участок 4,Компания «Tethys Kazakhstan» S.A.  (Тетис Казахстан Эс.Эй.),5102-УВС от 12.09.2022 года,Актюбинская область и Кызылординская область,12.09.2028 г.,132,,
6566e2213e7a16b38ea1d287,"ТОО ""Нефтеная инженерно-технологическая сервисная компания Чжунман""",Разведка и добыча,Участок Прибрежное,ЦЗЯН КУЙФЭН,5103-УВС от 13.09.2022 года,Атырауская область,13.09.2028 г.,133,,
6566e2213e7a16b38ea1d288,"ТОО "" Аккум LTD KZ""",Разведка и добыча,Участок Каламкас," \nТоварищество с ограниченной ответственностью ""Бузачи Нефть"", \nДАМИРОВА АЛИЯ ДАМИРОВНА;\n",5104-УВС от 13.09.2022 года,Мангистауская область,13.09.2028 г.,134,,
6566e2213e7a16b38ea1d289,"АО ""Нефтяная компания КОР""",Разведка и добыча,Месторождение Восточный Караван,"\nТОО ""Компания ""Недра- инжиниринг"",\nТОО ""ОЛ"", \nТОО ""Варрант"", \nБЕРДЫГОЖИН ЧИНГИС РОБЕРТОВИЧ;\nНУРПЕИСОВ ИЛЬЯ САЙЛАУБЕКОВИЧ;\nАХСАМБИЕВ ТАЛГАТ АБДЫКАИМОВИЧ;\nБЕРДЫГУЖИН РОБЕРТ УРЫНБАЕВИЧ;\n",5105-УВС от 13.09.2022 года,Карагандинская область,13.09.2028 г.,135,,
6566e2213e7a16b38ea1d28a,"ТОО ""Астана-Транс-Ойл""",Добыча,Участок Тамды,\nАХМЕТ АЙГЕРИМ АСКАРОВНА;\nБЕГАЛИЕВ АЙБЕК ОРАЗБЕКОВИЧ;\n,5106-УВС от 15.09.2022 года,Мангистауская область,15.09.2047,136,,
6566e2213e7a16b38ea1d28b,"ТОО ""HO EXPERT""",Разведка и добыча,Участок Центральный Караванчи,\nЖАМАНОВ КУАНДЫК МАРАТОВИЧ;\n,5108-УВС от 22.09.2022 года,Улытауская область,22.09.2028 г.,137,,
6566e2213e7a16b38ea1d28c,"ТОО ""Карамай""",Разведка и добыча,Участок Болтанмола,ДЖЕМАНТАЕВ ДАНИЯР МУХТАРОВИЧ,5109-УВС от 23.09.2022 года,Западно-Казахстанская области,23.09.2028 г.,138,,
6566e2213e7a16b38ea1d28d,"ТОО ""Nobilis Corp""",Добыча,Месторождение Боранколь,АБЛАСАНОВ БАЙКАДАМ АМАНОВИЧ \n,5112-УВС от 06.10.2022 года,Мангистауская область,06.10.2047,139,,
6566e2213e7a16b38ea1d28e,"СП ТОО ""Казахтуркмунай""",Добыча, месторождение Каратобе Южное в пределах блока XXIV-21-А ,"АО ""НК ""Казмунайгаз»",329 от 18.05.1999 года,Актюбинская область,26.12.2047г.,14,,
6566e2213e7a16b38ea1d28f,"ТОО ""Varro Operating Group""",Добыча,Месторождение Толкын,АБЛАСАНОВ БАЙКАДАМ АМАНОВИЧ \n,5113-УВС  от 06.10.2022 года,Мангистауская область,06.10.2047,140,,
6566e2213e7a16b38ea1d290,"ТОО ""TUMAR PETROL""",Разведка и добыча,Месторождение Кокбулак,«KUSTO OIL PTE LTD.» ,5126-УВС от 08.11.2022,Область Ұлытау,08.11.2028,141,,
6566e2213e7a16b38ea1d291,"ТОО ""TUMAR PETROL""",Разведка и добыча,Месторождение Жайык,«KUSTO OIL PTE LTD.» ,5127-УВС от 08.11.2022,Атырауская область,08.11.2028,142,,
6566e2213e7a16b38ea1d292,"ТОО ""TUMAR PETROL""",Разведка и добыча,Месторождение Сарылан,«KUSTO OIL PTE LTD.» ,5128-УВС от 08.11.2022,Область Ұлытау,08.11.2028,143,,
6566e2213e7a16b38ea1d293,"ТОО ""РД ""QazaqGaz""",Добыча              Подготовитьельный период сроком на один год,Месторождение Айракты,"АО ""НК"" ""QazaqGaz""",5132-УВС от 25.11.2022,Жамбылская область,25.11.2023,144,,
6566e2213e7a16b38ea1d294,"АО ""НК ""КазМунайГаз""",Разведка и добыча,Месторождение Тайсойган 1,"АО ""ФНБ ""Самрук Казына""",5134-УВС от 06.12.2022,Атырауская область,06.12.2028,145,,
6566e2213e7a16b38ea1d295,"АО ""НК ""КазМунайГаз""",Разведка и добыча,Месторождение Тайсойган 2,"АО ""ФНБ ""Самрук Казына""",5135-УВС от 06.12.2022,Атырауская область,06.12.2028,146,,
6566e2213e7a16b38ea1d296,"ТОО ""BSG OIL""",Добыча (подготовительный период сроком на один год до 15.12.2023г.),Месторождение Каратюбе, \nАЙДАРОВ БАГЛАН БАКЫТЖАНОВИЧ,5145-УВС от 15.12.2022,Актюбинская область,15.12.2047,147,,
6566e2213e7a16b38ea1d297,"АО ""КазАзот""",Разведка и добыча,Участок Мурынсор,"ТОО ""Kazakhstan Petrochemicals""                                                              Аблазимов Б. Н. ",5164-УВС от 07.02.2023,Мангистауская область,07.02.2029,148,,
6566e2213e7a16b38ea1d298,"ТОО ""КДЛ Компани""",Разведка и добыча,Месторождение Караоба, \nАПЕНОВ КУАНЫШ БЕРИКОВИЧ;,5165-УВС от 07.02.2023,Мангистауская область,07.02.2029,149,,
6566e2213e7a16b38ea1d299,"ТОО ""Tabys Operating """,Разведка и добыча,"на месторождении Тамдыколь расположенном в пределах блоков XXI-16-F (частично), 17-D (частично), Е (частично), F (частично)", \nКРАСНОВА ИННА ВАСИЛЬЕВНА;\nБУРМИСТРОВ ИГОРЬ ВИКТОРОВИЧ;\nАНДАСПАЕВА АЙМАН АЙТБЕКОВНА;\n,398 от 20.01.2000 года,Актюбинская область,07.09.2023г.,15,,
6566e2213e7a16b38ea1d29a,"ТОО ""Petro Energy Group""",Разведка и добыча,Участок Тасшара, \nАМАН МҰРАТ БАЙҚАДАМҰЛЫ,5166-УВС от 13.02.2023,Мангистауская область,13.02.2029,150,,
6566e2213e7a16b38ea1d29b,"ТОО ""Petro Energy Group""",Разведка и добыча,Месторождение Тасым, \nАМАН МҰРАТ БАЙҚАДАМҰЛЫ,5167-УВС от 13.02.2023,Мангистауская область,13.02.2029,151,,
6566e2213e7a16b38ea1d29c,"Компания ""Sinopec International Energy Investment Holdings Netherlands B.V.""",Разведка и добыча,Участок Сай Утес,нерезидент РК,5168-УВС от 13.02.2023,Мангистауская область,13.02.2029,152,,
6566e2213e7a16b38ea1d29d,"ТОО ""Astana Expo Trade ltd.""",Добыча,Месторождение Мортук Восточный,ВАЙЕНДЕНОВ РУСТЕМ ШУХРАТОВИЧ;,5169-УВС от 14.02.2023,Актюбинская область,14.02.2048,153,,
6566e2213e7a16b38ea1d29e,"ТОО ""Энергия Трейдинг""",Разведка и добыча,Месторождение Каменистое,ХЛЕБНИКОВ ОЛЕГ ВЛАДИСЛАВОВИЧ;,5172-УВС от 15.02.2023,Мангистауская область,15.02.2029,154,,
6566e2213e7a16b38ea1d29f,"ТОО ""Kenzhaly Petroleum""",Разведка и добыча,Участок Кержалы,МЫРЗАХМЕТОВ АЛТАЙ ИСАБЕКОВИЧ;\nМАХМУДОВ МАКСАТ РАСБЕРГЕНОВИЧ;\nЕСАЛИЕВ ДАСТАН ТАНАТАРОВИЧ;\nМАЙЛЫБАЕВ РАСУЛБЕК МАРАТОВИЧ;\nЕЛЕКБАЕВА АЙГУЛЬ ЖАНЫБЕКОВНА;,5173-УВС от 16.02.2023,Актюбинская область,16.02.2029,155,,
6566e2213e7a16b38ea1d2a0,"ТОО ""KG Oil &Gas",Разведка и добыча,Участок Балдысай,БАЛЖИГИТОВ ТЕЛЖАН КАПАНОВИЧ;\nМАХМУДОВ РАСБЕРГЕН АЛПЫСБАЕВИЧ;\nКАЛДЫБАЕВ ЕРБОЛАТ ЖАГПАРОВИЧ;,5174-УВС от 16.02.2023,Актюбинская область,16.02.2029,156,,
6566e2213e7a16b38ea1d2a1,"ТОО ""Tradex House""",Разведка и добыча,Участок Ащысай,Копжасаров Дархан Жолдасбекович,5175-УВС от 17.02.2023,Атырауская область,17.02.2029,157,,
6566e2213e7a16b38ea1d2a2,"ТОО ""Tradex House""",Разведка и добыча,Участок Каратай,Копжасаров Дархан Жолдасбекович,5176-УВС от 17.02.2023,Атырауская область,17.02.2029,158,,
6566e2213e7a16b38ea1d2a3,"ТОО ""Gold Tengry Estate""",Разведка и добыча,Участок Сарынияз,Тлекметов Асхат Аскарбекович,5177-УВС от 17.02.2023,Атырауская область,17.02.2029,159,,
6566e2213e7a16b38ea1d2a4,"ТОО ""Емир-ойл""",Разведка и добыча,площадь Аксаз-Долинная-Емир,Paleontol B.V. (Нидерланды),482 от  09.06.2000 года,Мангистауская область,11.03.2023г.,16,,
6566e2213e7a16b38ea1d2a5,"ТОО ""Gold Tengry Estate""",Разведка и добыча,Участок Масабай,Тлекметов Асхат Аскарбекович,5178-УВС от 17.02.2023,Атырауская область,17.02.2029,160,,
6566e2213e7a16b38ea1d2a6,"ТОО ""Саутс Ойл""",Добыча,Месторождение Акшабулак Северный,"ТОО ""Финансовая Торгово-Промышленная корпорация ""Онтустик"" и АО ""Petro Asia"" ",5186-УВС от 15.03.2023,Улытауская область,15.03.2048,161,,
6566e2213e7a16b38ea1d2a7,"ТОО ""Саутс Ойл""",Добыча,Месторождение Акшабулак Западный,"ТОО ""Финансовая Торгово-Промышленная корпорация ""Онтустик"" и АО ""Petro Asia"" ",5187-УВС от 15.03.2023,Улытауская область,15.03.2048 (подготовительный период 15.03.2026),162,,
6566e2213e7a16b38ea1d2a8,"ТОО ""Саутс Ойл""",Добыча,Месторождение Бухарсай,"ТОО ""Финансовая Торгово-Промышленная корпорация ""Онтустик"" и АО ""Petro Asia"" ",5188-УВС от 15.03.2023,Улытауская и Кызылординская области,15.03.2048,163,,
6566e2213e7a16b38ea1d2a9,"ТОО ""Саутс Ойл""",Добыча,Месторождение Калжан,"ТОО ""Финансовая Торгово-Промышленная корпорация ""Онтустик"" и АО ""Petro Asia"" ",5189-УВС от 15.03.2023,Кызылординская область,15.03.2048 (подготовительный период 15.03.2026),164,,
6566e2213e7a16b38ea1d2aa,"ТОО ""Саутс Ойл""",Добыча,Месторождение Северный Кенлык,"ТОО ""Финансовая Торгово-Промышленная корпорация ""Онтустик"" и АО ""Petro Asia"" ",5190-УВС от 15.03.2023,Улытауская и Кызылординская области,15.03.2048 (подготовительный период 15.03.2026),165,,
6566e2213e7a16b38ea1d2ab,"ТОО ""DMS Services""",Разведка и добыча,Участок Дияр,Компания «Tethys Kazakhstan» S.A.,5191-УВС от 16.03.2023,Актюбинская область,16.03.2029,166,,
6566e2213e7a16b38ea1d2ac,"ТОО ""DMS Services""",Разведка и добыча,Участок Жанасу,Компания «Tethys Kazakhstan» S.A.,5192-УВС от 16.03.2023,Актюбинская область,16.03.2029,167,,
6566e2213e7a16b38ea1d2ad,"ТОО ""DMS Services""",Разведка и добыча,Участок Нуржау,Компания «Tethys Kazakhstan» S.A.,5193-УВС от 16.03.2023,Актюбинская область,16.03.2029,168,,
6566e2213e7a16b38ea1d2ae,"ТОО ""КазСтройИнвест KZ""",Разведка и добыча,Участок Каражанбас Северный,"ТОО ""Бузачи Нефть""\nГазизова Дина Хабибулловна ",5194-УВС от 16.03.2023,Мангистауская область,16.03.2029,169,,
6566e2213e7a16b38ea1d2af,"ТОО ""Madot Oil""",Разведка и добыча,площадь Алаойл,"Компания ""XINLING PETROLEUM PTELTD»",661 от  24.04.2001 года,Атырауская область ,18.04.2023г.       ,17,,
6566e2213e7a16b38ea1d2b0,"ТОО ""БИОПРОМ KZ""",Разведка и добыча,Участок Карповский северный,"ТОО ""Бузачи Нефть""\nГазизова Дина Хабибулловна ",5195-УВС от 16.03.2023,Западно-Казахстнаснкая область,16.03.2029,170,,
6566e2213e7a16b38ea1d2b1,"Частная компания  ""Qassinoil Ltd""",Разведка и добыча,на меторождении Приграничное,Кусаев Аскар Уразович,5198-УВС от 20.03.2023,Западно-Казахстнаснкая область,20.03.2029,171,,
6566e2213e7a16b38ea1d2b2,"АО ""КМК Мунай""",Разведка и добыча," месторождение Мортук в пределах блока XXII-22-В(частично),С(частично) и в пределах блока ХХ11-22-В(частично), С(частично)","АО ""СНПС – Актобемунайгаз» \nYukon Energy Holding S.A. ",731 от 01.08.2001 года,Актюбинская область,02.04.2031г.        ,18,,
6566e2213e7a16b38ea1d2b3,"АО ""СНПС-Актобемунайгаз""",Добыча ," на\nЦентральной территории восточной части Прикаспийской впадины в\nпределах блоков XXIII-22-B (частично), С (частично), Е (частично), F\n(частично), 23-А (частично), D (частично); XXIV-21-C (частично), F\n(частично), 22-А (частично), В (частично), С (частично), D, Е (частично), F\n(частично), 23-А (частично), D (частично); XXV-21-C (частично), Е\n(частично), F, 22-А, В (частично), D, Е (частично) ","CNPC Exploration and development co/ ltd \nCNPC international (Caspian) LTD \nФизические и юридические лица, резиденты и нерезиденты РК, не являющиеся крупными акционерами Общества",968 от 06.06.2002 года,Актюбинская область ,31.12.2025г.,19,,
6566e2213e7a16b38ea1d2b4,АО «Матен Петролеум»,Добыча,"месторождение Матин в пределах блока XXIV-15-A (частично), В (частично)             ",SINO-SCIENCE NETHERLANDS ENERGY GROUP B.V.;,41-увс от  02.07.1996 года ,Атырауская область ,31.12.2043г. ,2,,
6566e2213e7a16b38ea1d2b5,"ТОО ""Актау - Транзит""",Разведка,"на нефтяном месторождении «Тюбеджик»,\nрасположенном в пределах блоков XXXIV-9-D (частично), Е (частично) "," \nТОО ""Springfield"", \nТОО ""Caspian Oil Project"", \n",1010 от 08.10.2002 года,Мангистауская область,02.12.2022 г.,20,,
6566e2213e7a16b38ea1d2b6,"ТОО «SSM-Ойл», ТОО «Кольжан»     ",Разведка и добыча," в пределах территории блоков XXX-38-D (частично), Е, F; XXX-39-D, Е (частично), F; XXX-40-D (частично); XXXI-38-B (частично), С(частично); и XXXI-39-A, В","ТОО «SSM-Ойл»: АБДУКАРИМОВА ШОЛПАН ИСАТАЕВНА, ЖАНЫСБАЕВА ЖАМИЛЯ.  ТОО «Кольжан»: АО ""РД ""КазМунайГаз»; CNPC",1057 от 11.12.2002 года,Кызылординская область,27.04.2046г.         (ПР -07.03.2023),21,,
6566e2213e7a16b38ea1d2b7,"АО ""Арал Петролеум Кэпитал""",Разведка," участок Северный в пределах блоков XXI-21-C(частично);E(частично);F(частично);XXI-22-A(частично);B(частично);C(частично);D(частично);E(частично);F(частично);XXI-22-A(частично),B(частично);C(частично);D(частично);E(частично);F(частично); XXI-23-B,C,D,E,F(частично),XXII-20-F(частично);21-A(частично);B(частично);C,D(частично);E(частично);F(частично);XXII-22-A(частично);B(частично),C(частично),D(частично),E(частично),F(частично),XXII-23-A(частично),B(частично),C(частично),D(частично),E(частично);XXIII-20-C(частично),21-A(частично)","""Caspian Energy Ltd."" (Каспиан Энерджи Лтд.); ""Грёнзи Б.В."" ""Groenzee B.V.""; ""Caspian Energy Inc."" (Каспиан Энерджи Инк.)",1081 от 29.12.2002 года,Актюбинская область ,25.02.2023г.,22,,
6566e2213e7a16b38ea1d2b8,"ТОО ""5A Oil """,Разведка и Добыча," в пределах блока А: XXIV-16 (частично),XXIV-17 (частично),XXIV -18 (частично),XXV -16 (частично),XXV -17(частично),XXV -18 (частично),XXVI -17 (частично),XXVI -18 (частично)   в пределах блока Е:  XXV -13(частично),XXV -14(частично), XXV -15(частично), XXVI-13(частично), XXVI-14(частично), XXVI-15(частично),XXVII-13(частично), XXVII-14(частично), XXVII-15(частично),                                     ",Компания MM PETROLEUM PLC (Каймановые острова).\n,1117 от 04.03.2023 ггода,Атырауская область ,04.03.2034г.      ПР -08.07.2023г.            ,23,,
6566e2213e7a16b38ea1d2b9,ТОО «QUMMUNAIGAZ»,Разведка и Добыча,структура Алибек Восточный, нет информации,1118 от 04.03.2003 года,Актюбинская область ,27.09.2023г.,24,,
6566e2213e7a16b38ea1d2ba,"ТОО ""Аскер Мунай"" ",Разведка и добыча,"в пределах блоков XXVI-5-Е (частично), F (частично); XXVI-6-B (частично), С (частично), D (частично), Е, F; XXVI-7-A (частично), В (частично), D, E (частично); XXVII-5-В (частично), С (частично), F (частично); XXVII-6; XXVII-7-А, В (частично), D, E (частично); ХХVIII-6-С(частично);\nХХVII-7-А(частично), В(частично)\n","""ТОО ""Аскер Мунай Эксплорэйшн»",1280 от 13.12.2003 года ,Атырауская область ,11.03.2023г.  ,25,,
6566e2213e7a16b38ea1d2bb,"ТОО ""Кобланды""",Разведка ,"структура Кубасай в пределах блоков XIX-15-C(частично),F(частично);16-A(частично);D(частично)",PETCO INVESTMENT & TRADING L.P.; ШАЛАТАЕВ СЕРИК ШОРАЕВИЧ;,1528 от 15.10.2004 года,Актюбинская область ,07.03.2023г.           ,26,,
6566e2213e7a16b38ea1d2bc,"ТОО ""Кул-Бас""",Разведка и добыча,"в пределах блоков XXVII-24A (частично), В, С, D (частично), Е, F, 25; XXVIII-23, 24, 25А, В, С, D, Е (частично), F (частично);\nXXIX-23A, В (частично), С (частично), D, Е (частично), F (частично),\n24А (частично), В (частично), С, D (частично), Е (частично), F (частично), 25А, В (частично), С (частично), D (частично), Е (частично), F;\nХХХ-24А (частично), В (частично), С (частично), D (частично), Е (частично), F (частично), 25А (частично), В (частично), С (частично), D (частично), Е (частично)","Компания ""Тethys Kazakhstan S.A.(Тетис Казахстан Эс.Эй)",1897 от 11.11.2005 года,Актюбинская область,16.10.2023г.,27,,
6566e2213e7a16b38ea1d2bd,"ТОО ""ИПЦ Мунай""",Разведка и Добыча,"В пределах блоков XXVII-18-A(частично),B(частично),D,E(частично),F(частично),19-D(частично),E(частично),F(частично), XXVIII-18-A,B,C,D(частично),E,F,19-A,B(частично),C,D,E,F XXIX-18-A(частично),B(частично).",DeZwartePonkB.V.\n(Нидерланды),2127 от 28.07.2006 года,Атырауская область ,21.03.2023г.,28,,
6566e2213e7a16b38ea1d2be,Компания «Jupiter Energy Pte. Ltd», Добыча,"на месторождениях Жетыбай Западный и Аккар Северный в пределах блоков XXXVI-11-Е (частично), F (частично); XXXVII-11-С (частично), 12 А (частично), а именно закрепление участка Аккар Северный (Восточный блок)  с подготовительным периодом",«Jupiter Energy Pte. Ltd.» (Сингапур):                                                             Waterford Petroleum Limited\nArrow Business Limited \nCentral Asian Oil Holdings Limited ,2275 от 29.12.2006 года,Мангистауская область,05.03.2046г.,29,,
6566e2213e7a16b38ea1d2bf,"ТОО ""Эмбаведьойл""",Добыча,"месторождение Камыскуль Южный в пределах блока XXVI-15- С, XXVI-16- А","""SATCO INTERNATIONAL SOCIEDAD ANONIMA»",43-УВС от  05.07.1996г. ,Атырауская область ,31.12.2035г. ,3,,
6566e2213e7a16b38ea1d2c0," ТОО ""Алтай Ресорсиз                       ",Разведка,"Акжар Восточный, на площади блоков\nXXIII-20-F (частично), 21-А (частично), В (частично), D (частично),\nЕ (частично), XXIV-21-A (частично), В (частично)","Аман МунайЭксплорйшн Б.В.,\nАман Мунай Эксплорйшн Б.В.Б.А. (Бельгия),                                              Falcon N&RIFundSicav PLC – ПИФ (Мальта)\nBank Julius Baer & Co Ltd (Швейцария)",2373 от 22.05.2007 года,Актюбинская область ,08.03.2023г.  ,30,,
6566e2213e7a16b38ea1d2c1, АО«Sozak Oil and Gas» (Созак Ойл энд Газ),Разведка,"в пределах блоков ХХХ-42, 43 (частично), 44, 45 (частично); XXXI-42, 43 (частично), 44 (частично), 45 (частично); XXXII-42, 43, 44, 45 (частично); XXXIII-42 (частично), 43 (частично), 44 (частично), 45 (частично)",Sino-Science Netherlands Petroleum B.V.\nSino-Science Netherlands Energy Group B.V.,2433 от 27.07.2007 года,Кызылординская область,15.10.2023г.,31,,
6566e2213e7a16b38ea1d2c2,"ТОО «ТОО ""Corporate Project Solutioms»",Разведка и добыча    ,"месторождение Ростошинское в пределах блока  XIV-10-А(частично),В (частично) ",Байгалиев М.Т  и  Кобейсин Н.Е.,2575 от 08.02.2008 года,Западно-Казахстанская область ,09.12.2025,32,,
6566e2213e7a16b38ea1d2c3,"ТОО ""Урихтау Оперейтинг""",Разведка и добыча," месторождение Урихтау в пределах блока XXII-22-Е(частично),F(частично) ","АО ""НК ""Казмунайгаз»",2882 от 05.12.2008 года,Актюбинская область,31.05.2023г.,33,,
6566e2213e7a16b38ea1d2c4," АО ""Эмбамунайгаз""",Разведка и Добыча,месторождении участки недр Карасор Западный и С.Нуржанов,"АО ""НК ""Казмунайгаз»",3577 от 16.06.2010 года ,Атырауская область ,09.12.2047г.,34,,
6567008e2e0c917401bb52b1,,,,,,,,,value1,10
6567008e2e0c917401bb52b2,,,,,,,,,value2,20
6567008e2e0c917401bb52b3,,,,,,,,,value3,30
